1,My_Pham,My_Pham
2,Cham_Soc_Da_Mat,Cham_Soc_Da_Mat
3,Cham_Soc_Toc,Cham_Soc_Toc
4,Cham_Soc_Co_The,Cham_Soc_Co_The
5,Nuoc_Hoa,Nuoc_Hoa
6,Thuc_Pham_Chuc_Nang,Thuc_Pham_Chuc_Nang
7,Hot_Deal,Hot_Deal
8,Thuong_Hieu,Thuong_Hieu
9,Best_Seller,Best_Seller
10,Dich_Vu_Phong_Kham,Dich_Vu_Phong_Kham